Entrada;Resultado Prog. Dinâmica;Tempo Prog. Dinâmica;Resultado Prog. Guloso;Tempo Prog. Guloso;
5;4;0,000002;1;0,000000;
10;-1;0,000002;-4;0,000000;
15;0;0,000004;-3;0,000001;
20;-2;0,000007;-14;0,000000;
25;5;0,000010;2;0,000001;
30;3;0,000014;-6;0,000000;
35;4;0,000023;-11;0,000001;
40;-10;0,000022;-16;0,000001;
45;15;0,000031;-15;0,000001;
50;19;0,000039;-8;0,000001;
55;20;0,000043;2;0,000001;
60;9;0,000049;-33;0,000001;
65;16;0,000091;-8;0,000001;
70;11;0,000070;-19;0,000002;
75;21;0,000078;-12;0,000001;
80;28;0,000131;-35;0,000002;
85;17;0,000152;-40;0,000001;
90;36;0,000151;-33;0,000002;
95;25;0,000200;-38;0,000002;
100;29;0,000214;-34;0,000003;
105;24;0,000206;-6;0,000003;
110;49;0,000310;-20;0,000003;
115;53;0,000248;-37;0,000003;
120;48;0,000261;-15;0,000003;
125;43;0,000246;-50;0,000003;
130;53;0,000248;-13;0,000003;
135;51;0,000246;-51;0,000002;
140;58;0,000332;-23;0,000003;
145;59;0,000282;-16;0,000003;
150;48;0,000299;-18;0,000003;
155;61;0,000325;-56;0,000003;
160;53;0,000343;-58;0,000003;
165;54;0,000369;-60;0,000003;
170;52;0,000432;-50;0,000003;
175;59;0,000407;-55;0,000003;
180;51;0,000453;-63;0,000003;
185;58;0,000662;-68;0,000004;
190;77;0,000656;-22;0,000004;
195;69;0,000537;-66;0,000003;
200;67;0,000607;-56;0,000021;
205;74;0,000637;-58;0,000003;
210;87;0,000668;-69;0,000004;
215;64;0,000663;-44;0,000004;
220;89;0,000710;-52;0,000003;
225;90;0,000780;-84;0,000004;
230;52;0,000751;-62;0,000005;
235;62;0,000919;-85;0,000004;
240;93;0,000889;-72;0,000005;
245;91;0,001072;-53;0,000004;
250;110;0,000954;-34;0,000005;
255;102;0,000958;-51;0,000004;
260;103;0,000976;-98;0,000004;
265;107;0,001077;-94;0,000004;
270;81;0,001035;-78;0,000004;
275;100;0,001495;-89;0,000006;
280;122;0,001718;-76;0,000006;
285;96;0,001725;-81;0,000006;
290;109;0,001981;-86;0,000006;
295;101;0,001365;-64;0,000007;
300;99;0,001326;-51;0,000005;
305;106;0,001444;-107;0,000005;
310;167;0,001588;-46;0,000006;
315;126;0,001423;-63;0,000006;
320;121;0,001514;-98;0,000005;
325;122;0,001752;-73;0,000005;
330;129;0,001815;-33;0,000006;
335;127;0,002320;-89;0,000008;
340;140;0,002513;-112;0,000007;
345;147;0,001733;-99;0,000006;
350;118;0,001927;-80;0,000006;
355;134;0,002033;-100;0,000023;
360;150;0,002148;-129;0,000006;
365;142;0,002086;-35;0,000006;
370;152;0,002094;-103;0,000008;
375;153;0,002925;-138;0,000008;
380;133;0,002789;-104;0,000007;
385;173;0,002225;-106;0,000007;
390;150;0,002157;-123;0,000006;
395;145;0,002268;-92;0,000007;
400;149;0,002353;-94;0,000006;
405;171;0,002354;-99;0,000007;
410;178;0,002387;-98;0,000007;
415;155;0,002420;-121;0,000006;
420;189;0,002447;-159;0,000007;
425;187;0,002529;-83;0,000007;
430;161;0,002589;-169;0,000007;
435;171;0,002892;-75;0,000007;
440;166;0,003398;-92;0,000008;
445;194;0,002875;-139;0,000007;
450;183;0,002940;-120;0,000007;
455;187;0,003052;-77;0,000008;
460;179;0,003551;-115;0,000010;
465;174;0,004548;-117;0,000009;
470;196;0,003336;-92;0,000008;
475;185;0,003406;-103;0,000008;
480;207;0,003425;-141;0,000033;
485;208;0,005080;-83;0,000011;
490;203;0,004803;-115;0,000010;
495;207;0,004329;-54;0,000011;
500;196;0,004455;-206;0,000009;
505;209;0,005216;-142;0,000011;
510;213;0,004557;-144;0,000010;
515;211;0,005786;-167;0,000012;
520;185;0,003964;-142;0,000009;
525;189;0,004735;-180;0,000009;
530;223;0,005000;-179;0,000012;
535;215;0,004250;-130;0,000009;
540;207;0,004548;-99;0,000009;
545;217;0,005050;-134;0,000010;
550;218;0,004538;-151;0,000009;
555;231;0,004902;-147;0,000009;
560;223;0,004552;-125;0,000013;
565;224;0,004688;-160;0,000012;
570;258;0,006691;-144;0,000023;
575;259;0,005454;-176;0,000018;
580;260;0,006697;-127;0,000012;
585;216;0,011922;-120;0,000013;
590;241;0,006357;-134;0,000012;
595;248;0,006909;-136;0,000013;
600;261;0,008021;-141;0,000013;
605;250;0,008384;-164;0,000013;
610;251;0,008458;-124;0,000014;
615;231;0,006849;-114;0,000009;
620;268;0,005644;-134;0,000011;
625;248;0,005894;-145;0,000010;
630;243;0,006973;-207;0,000009;
635;247;0,007097;-182;0,000013;
640;236;0,008283;-130;0,000011;
645;273;0,006230;-183;0,000011;
650;259;0,008481;-185;0,000011;
655;263;0,007058;-253;0,000010;
660;276;0,006938;-156;0,000011;
665;268;0,006361;-185;0,000011;
670;290;0,007561;-145;0,000012;
675;279;0,007018;-132;0,000013;
680;268;0,007274;-152;0,000011;
685;266;0,007246;-202;0,000012;
690;288;0,006916;-219;0,000011;
695;274;0,007922;-221;0,000015;
700;254;0,008321;-139;0,000012;
705;276;0,009561;-171;0,000012;
710;286;0,009086;-203;0,000014;
715;290;0,008908;-241;0,000011;
720;273;0,007362;-252;0,000012;
725;295;0,008005;-170;0,000012;
730;320;0,010168;-217;0,000016;
735;327;0,009190;-198;0,000012;
740;295;0,010088;-152;0,000012;
745;275;0,008217;-226;0,000016;
750;306;0,009716;-129;0,000013;
755;301;0,009396;-164;0,000016;
760;305;0,008653;-205;0,000012;
765;321;0,011254;-201;0,000012;
770;301;0,009312;-203;0,000018;
775;332;0,009260;-232;0,000013;
780;324;0,010514;-186;0,000013;
785;313;0,010115;-212;0,000018;
790;341;0,010459;-256;0,000013;
795;306;0,011345;-252;0,000013;
800;313;0,011030;-179;0,000018;
805;356;0,009339;-139;0,000013;
810;333;0,011859;-153;0,000014;
815;358;0,012033;-227;0,000019;
820;326;0,010727;-172;0,000023;
825;348;0,010449;-213;0,000013;
830;340;0,011863;-236;0,000013;
835;335;0,011724;-172;0,000014;
840;351;0,010782;-222;0,000018;
845;328;0,010691;-236;0,000014;
850;371;0,010774;-181;0,000019;
855;396;0,012149;-165;0,000014;
860;340;0,010564;-206;0,000015;
865;368;0,012616;-274;0,000014;
870;339;0,012908;-204;0,000015;
875;373;0,013317;-206;0,000014;
880;350;0,012293;-160;0,000017;
885;384;0,011552;-252;0,000018;
890;361;0,012968;-230;0,000015;
895;386;0,014089;-238;0,000015;
900;375;0,013663;-228;0,000014;
905;376;0,013712;-230;0,000015;
910;398;0,013733;-253;0,000020;
915;375;0,013221;-207;0,000017;
920;382;0,013487;-245;0,000019;
925;371;0,013139;-169;0,000019;
930;357;0,013805;-276;0,000019;
935;370;0,015136;-170;0,000014;
940;341;0,014131;-199;0,000016;
945;405;0,015095;-204;0,000016;
950;388;0,014777;-257;0,000015;
955;404;0,015262;-217;0,000015;
960;387;0,015010;-246;0,000015;
965;400;0,015365;-293;0,000015;
970;416;0,015631;-274;0,000016;
975;390;0,015604;-174;0,000018;
980;400;0,015499;-185;0,000016;
985;362;0,016279;-286;0,000016;
990;399;0,016226;-285;0,000016;
995;403;0,015891;-299;0,000021;
1000;437;0,014453;-229;0,000016;
1005;414;0,016665;-222;0,000017;
1010;442;0,016383;-227;0,000016;
1015;410;0,014936;-229;0,000017;
1020;459;0,017690;-255;0,000016;
1025;439;0,014938;-209;0,000016;
1030;455;0,017604;-349;0,000017;
1035;438;0,015409;-330;0,000016;
1040;442;0,018145;-287;0,000016;
1045;440;0,017880;-223;0,000016;
1050;426;0,018123;-300;0,000021;
1055;412;0,018091;-332;0,000023;
1060;425;0,018092;-217;0,000023;
1065;450;0,019217;-306;0,000017;
1070;472;0,016444;-284;0,000016;
1075;446;0,018896;-301;0,000018;
1080;429;0,018889;-318;0,000017;
1085;421;0,019540;-212;0,000024;
1090;425;0,019559;-271;0,000017;
1095;426;0,019705;-261;0,000017;
1100;496;0,017457;-266;0,000017;
1105;494;0,019979;-280;0,000023;
1110;471;0,020645;-243;0,000026;
1115;469;0,019801;-248;0,000018;
1120;473;0,017835;-235;0,000018;
1125;471;0,020884;-336;0,000024;
1130;466;0,021429;-281;0,000017;
1135;467;0,020840;-265;0,000019;
1140;480;0,018950;-324;0,000024;
1145;457;0,022553;-296;0,000027;
1150;485;0,024662;-298;0,000026;
1155;507;0,020969;-288;0,000025;
1160;532;0,023185;-305;0,000018;
1165;491;0,021383;-331;0,000024;
1170;474;0,021160;-204;0,000025;
1175;490;0,023098;-326;0,000019;
1180;491;0,022695;-295;0,000026;
1185;525;0,022749;-210;0,000019;
1190;496;0,020894;-353;0,000025;
1195;509;0,023501;-286;0,000020;
1200;546;0,022034;-264;0,000020;
1205;496;0,025112;-242;0,000020;
1210;473;0,024203;-364;0,000020;
1215;495;0,022946;-366;0,000027;
1220;523;0,024434;-299;0,000019;
1225;551;0,023734;-343;0,000019;
1230;510;0,024657;-252;0,000020;
1235;550;0,024746;-308;0,000028;
1240;539;0,026173;-301;0,000023;
1245;507;0,023925;-303;0,000023;
1250;580;0,023291;-302;0,000026;
1255;527;0,027402;-292;0,000021;
1260;507;0,026353;-336;0,000020;
1265;547;0,025188;-287;0,000021;
1270;539;0,026353;-292;0,000019;
1275;519;0,025130;-240;0,000028;
1280;535;0,026400;-350;0,000020;
1285;545;0,025809;-358;0,000021;
1290;564;0,023781;-255;0,000021;
1295;574;0,028727;-335;0,000021;
1300;566;0,027383;-304;0,000036;
1305;534;0,026462;-357;0,000024;
1310;565;0,030361;-287;0,000029;
1315;527;0,028598;-352;0,000021;
1320;570;0,026830;-336;0,000021;
1325;529;0,027998;-326;0,000022;
1330;554;0,026872;-202;0,000022;
1335;612;0,027685;-351;0,000021;
1340;559;0,030667;-365;0,000021;
1345;557;0,028964;-331;0,000024;
1350;558;0,028952;-276;0,000022;
1355;583;0,030252;-299;0,000022;
1360;584;0,030133;-289;0,000021;
1365;579;0,030011;-462;0,000022;
1370;604;0,029753;-365;0,000022;
1375;614;0,031577;-319;0,000022;
1380;579;0,030763;-387;0,000022;
1385;556;0,031490;-350;0,000022;
1390;602;0,033432;-364;0,000023;
1395;588;0,035553;-387;0,000022;
1400;583;0,031789;-392;0,000032;
1405;593;0,037440;-346;0,000030;
1410;645;0,032153;-351;0,000032;
1415;583;0,032337;-338;0,000029;
1420;590;0,033403;-337;0,000023;
1425;576;0,031595;-348;0,000022;
1430;637;0,033115;-410;0,000023;
1435;596;0,031766;-334;0,000036;
1440;636;0,032664;-336;0,000023;
1445;586;0,032769;-314;0,000023;
1450;599;0,033255;-349;0,000023;
1455;594;0,035209;-345;0,000028;
1460;586;0,033581;-368;0,000024;
1465;653;0,033390;-325;0,000024;
1470;615;0,033865;-351;0,000023;
1475;649;0,035727;-422;0,000023;
1480;596;0,034826;-385;0,000049;
1485;687;0,039867;-405;0,000042;
1490;628;0,036666;-404;0,000023;
1495;626;0,037381;-319;0,000023;
1500;603;0,034934;-300;0,000024;
1505;625;0,034594;-305;0,000023;
1510;620;0,036668;-319;0,000024;
1515;657;0,035462;-435;0,000024;
1520;646;0,035810;-416;0,000023;
1525;650;0,035263;-349;0,000025;
1530;639;0,035707;-384;0,000024;
1535;676;0,036140;-314;0,000024;
1540;650;0,035704;-373;0,000024;
1545;681;0,035662;-408;0,000024;
1550;667;0,036190;-353;0,000025;
1555;704;0,035639;-376;0,000041;
1560;687;0,037865;-348;0,000034;
1565;661;0,037748;-374;0,000024;
1570;656;0,037507;-400;0,000024;
1575;657;0,037969;-366;0,000024;
1580;646;0,040180;-332;0,000025;
1585;677;0,039322;-442;0,000024;
1590;684;0,038603;-492;0,000024;
1595;664;0,038666;-473;0,000023;
1600;695;0,039310;-337;0,000024;
1605;663;0,039524;-378;0,000025;
1610;661;0,039097;-437;0,000024;
1615;704;0,039495;-379;0,000026;
1620;681;0,040205;-375;0,000025;
1625;673;0,040002;-419;0,000025;
1630;704;0,041250;-367;0,000024;
1635;711;0,040780;-396;0,000025;
1640;721;0,041219;-437;0,000025;
1645;689;0,041040;-400;0,000025;
1650;726;0,040728;-474;0,000025;
1655;742;0,041942;-383;0,000026;
1660;761;0,041536;-379;0,000026;
1665;714;0,041331;-423;0,000026;
1670;745;0,042089;-386;0,000039;
1675;740;0,041804;-475;0,000024;
1680;708;0,042826;-411;0,000025;
1685;703;0,042489;-455;0,000026;
1690;731;0,042609;-376;0,000026;
1695;717;0,043719;-489;0,000026;
1700;691;0,043231;-491;0,000027;
1705;731;0,044408;-424;0,000026;
1710;756;0,044646;-573;0,000026;
1715;712;0,044467;-398;0,000026;
1720;752;0,046331;-445;0,000026;
1725;756;0,044469;-441;0,000026;
1730;739;0,044764;-443;0,000026;
1735;740;0,046568;-430;0,000027;
1740;732;0,046162;-549;0,000026;
1745;730;0,046041;-428;0,000039;
1750;719;0,045200;-463;0,000027;
1755;747;0,046697;-420;0,000027;
1760;805;0,048076;-482;0,000027;
1765;764;0,046889;-475;0,000027;
1770;795;0,047399;-426;0,000027;
1775;790;0,048184;-422;0,000027;
1780;755;0,049462;-292;0,000028;
1785;741;0,047722;-414;0,000027;
1790;793;0,048601;-407;0,000052;
1795;722;0,049241;-421;0,000027;
1800;777;0,048352;-462;0,000029;
1805;811;0,048475;-389;0,000027;
1810;776;0,048908;-424;0,000046;
1815;759;0,049597;-465;0,000027;
1820;766;0,049822;-395;0,000027;
1825;848;0,050020;-430;0,000028;
1830;825;0,050001;-429;0,000028;
1835;817;0,050149;-314;0,000029;
1840;812;0,050271;-565;0,000028;
1845;813;0,051058;-426;0,000028;
1850;793;0,050495;-416;0,000029;
1855;797;0,051211;-496;0,000028;
1860;804;0,050707;-525;0,000029;
1865;823;0,052101;-479;0,000028;
1870;800;0,052162;-487;0,000029;
1875;807;0,052502;-522;0,000028;
1880;784;0,052308;-476;0,000030;
1885;836;0,052425;-433;0,000028;
1890;783;0,053427;-465;0,000029;
1895;784;0,052541;-413;0,000029;
1900;836;0,054566;-481;0,000029;
1905;837;0,052970;-408;0,000030;
1910;802;0,055997;-548;0,000029;
1915;836;0,054646;-511;0,000029;
1920;780;0,054497;-480;0,000034;
1925;826;0,055037;-434;0,000030;
1930;824;0,055926;-445;0,000029;
1935;858;0,055196;-498;0,000029;
1940;811;0,055860;-566;0,000042;
1945;836;0,056328;-508;0,000029;
1950;816;0,055655;-567;0,000031;
1955;862;0,057699;-428;0,000030;
1960;806;0,059609;-493;0,000029;
1965;828;0,058053;-420;0,000030;
1970;838;0,060660;-434;0,000031;
1975;914;0,062304;-550;0,000030;
1980;861;0,059254;-516;0,000031;
1985;808;0,057807;-536;0,000032;
1990;869;0,059558;-472;0,000031;
1995;882;0,065004;-483;0,000031;
2000;850;0,058905;-539;0,000031;
2005;875;0,074207;-475;0,000041;
2010;879;0,065612;-474;0,000031;
2015;865;0,061767;-437;0,000031;
2020;878;0,059840;-541;0,000032;
2025;891;0,060880;-528;0,000031;
2030;886;0,060522;-473;0,000067;
2035;857;0,061441;-481;0,000031;
2040;891;0,061967;-396;0,000032;
2045;853;0,060664;-449;0,000043;
2050;896;0,061710;-556;0,000045;
2055;858;0,061765;-462;0,000031;
2060;892;0,061448;-518;0,000031;
2065;872;0,062537;-526;0,000031;
2070;858;0,062632;-603;0,000031;
2075;847;0,062366;-509;0,000032;
2080;950;0,063288;-457;0,000045;
2085;897;0,063004;-564;0,000031;
2090;874;0,064085;-419;0,000033;
2095;941;0,065976;-580;0,000031;
2100;942;0,067723;-528;0,000031;
2105;928;0,064265;-533;0,000031;
2110;902;0,065303;-505;0,000032;
2115;942;0,064964;-615;0,000032;
2120;925;0,065752;-524;0,000033;
2125;971;0,064753;-547;0,000032;
2130;960;0,065203;-543;0,000032;
2135;925;0,067385;-518;0,000034;
2140;974;0,066507;-514;0,000032;
2145;924;0,066886;-402;0,000032;
2150;958;0,067727;-560;0,000033;
2155;953;0,068417;-412;0,000034;
2160;933;0,068796;-579;0,000033;
2165;985;0,067003;-464;0,000033;
2170;938;0,069378;-631;0,000033;
2175;951;0,069647;-591;0,000032;
2180;901;0,068876;-551;0,000061;
2185;929;0,071058;-715;0,000033;
2190;1005;0,069338;-498;0,000033;
2195;982;0,069751;-518;0,000033;
2200;950;0,069596;-532;0,000034;
2205;984;0,069843;-621;0,000033;
2210;952;0,070874;-476;0,000033;
2215;962;0,070336;-481;0,000033;
2220;996;0,070535;-543;0,000034;
2225;955;0,071723;-611;0,000033;
2230;983;0,071899;-496;0,000034;
2235;978;0,072158;-489;0,000034;
2240;943;0,072324;-512;0,000034;
2245;977;0,073122;-709;0,000034;
2250;975;0,072988;-432;0,000034;
2255;1021;0,073660;-410;0,000034;
2260;977;0,074760;-556;0,000035;
2265;996;0,074439;-561;0,000034;
2270;925;0,075097;-485;0,000035;
2275;971;0,075372;-718;0,000035;
2280;987;0,077567;-642;0,000034;
2285;991;0,075361;-653;0,000035;
2290;1001;0,075073;-556;0,000038;
2295;975;0,075705;-630;0,000036;
2300;988;0,076398;-527;0,000066;
2305;1022;0,075990;-532;0,000035;
2310;981;0,077071;-516;0,000036;
2315;967;0,076332;-575;0,000035;
2320;971;0,078214;-643;0,000035;
2325;1008;0,079237;-633;0,000036;
2330;1027;0,077941;-629;0,000036;
2335;1058;0,078419;-562;0,000035;
2340;1017;0,078680;-582;0,000036;
2345;1072;0,078867;-515;0,000036;
2350;1019;0,079503;-598;0,000051;
2355;1065;0,078870;-525;0,000036;
2360;1006;0,080172;-608;0,000036;
2365;980;0,080115;-571;0,000036;
2370;975;0,080055;-531;0,000036;
2375;1012;0,082588;-611;0,000036;
2380;1067;0,081143;-580;0,000036;
2385;1011;0,082751;-504;0,000036;
2390;1054;0,081422;-572;0,000036;
2395;1013;0,083804;-700;0,000036;
2400;1035;0,082236;-708;0,000036;
2405;1021;0,084820;-632;0,000036;
2410;1052;0,083388;-664;0,000036;
2415;1056;0,082975;-645;0,000037;
2420;1048;0,083589;-626;0,000037;
2425;1043;0,084198;-589;0,000037;
2430;1092;0,084725;-636;0,000037;
2435;1078;0,086174;-728;0,000037;
2440;1061;0,085508;-757;0,000036;
2445;1068;0,086441;-594;0,000037;
2450;1060;0,085211;-659;0,000037;
2455;1082;0,085511;-592;0,000037;
2460;1080;0,086601;-627;0,000037;
2465;1060;0,088109;-689;0,000038;
2470;1073;0,087529;-676;0,000037;
2475;1059;0,087338;-666;0,000038;
2480;1111;0,088796;-704;0,000038;
2485;1097;0,088979;-610;0,000038;
2490;1107;0,089908;-630;0,000043;
2495;1051;0,093519;-713;0,000038;
2500;1073;0,090876;-646;0,000039;
2505;1077;0,089770;-639;0,000039;
2510;1072;0,090332;-584;0,000041;
2515;1055;0,089798;-520;0,000038;
2520;1062;0,093278;-489;0,000068;
2525;1096;0,094129;-662;0,000039;
2530;1064;0,093004;-700;0,000039;
2535;1107;0,094615;-669;0,000040;
2540;1114;0,094960;-644;0,000039;
2545;1109;0,096693;-556;0,000039;
2550;1101;0,101227;-639;0,000039;
2555;1102;0,097619;-674;0,000039;
2560;1106;0,096976;-727;0,000039;
2565;1110;0,099223;-693;0,000039;
2570;1090;0,097368;-566;0,000039;
2575;1169;0,101250;-595;0,000040;
2580;1119;0,102004;-693;0,000075;
2585;1117;0,106461;-665;0,000040;
2590;1088;0,116192;-658;0,000039;
2595;1134;0,098315;-699;0,000044;
2600;1111;0,099082;-584;0,000049;
2605;1160;0,099508;-709;0,000041;
2610;1092;0,099494;-621;0,000041;
2615;1117;0,098603;-590;0,000041;
2620;1154;0,103377;-667;0,000040;
2625;1161;0,099043;-666;0,000041;
2630;1111;0,099451;-614;0,000041;
2635;1178;0,099926;-535;0,000041;
2640;1170;0,101137;-750;0,000040;
2645;1162;0,100710;-677;0,000040;
2650;1160;0,100401;-634;0,000040;
2655;1155;0,099821;-717;0,000039;
2660;1099;0,101383;-677;0,000040;
2665;1178;0,100779;-514;0,000042;
2670;1125;0,100441;-591;0,000040;
2675;1138;0,102144;-668;0,000040;
2680;1160;0,102857;-538;0,000041;
2685;1158;0,102561;-678;0,000041;
2690;1138;0,103292;-875;0,000074;
2695;1148;0,102932;-643;0,000041;
2700;1185;0,102655;-741;0,000040;
2705;1141;0,103155;-557;0,000042;
2710;1187;0,104198;-691;0,000041;
2715;1158;0,103986;-693;0,000043;
2720;1159;0,106325;-692;0,000041;
2725;1148;0,104865;-631;0,000042;
2730;1200;0,107237;-654;0,000042;
2735;1192;0,106516;-791;0,000041;
2740;1178;0,106934;-706;0,000042;
2745;1203;0,107024;-621;0,000042;
2750;1168;0,106046;-626;0,000042;
2755;1190;0,107890;-589;0,000042;
2760;1194;0,107098;-849;0,000041;
2765;1186;0,108095;-752;0,000041;
2770;1199;0,108744;-739;0,000042;
2775;1164;0,108573;-708;0,000042;
2780;1171;0,110409;-641;0,000042;
2785;1187;0,108983;-598;0,000042;
2790;1209;0,111154;-609;0,000043;
2795;1210;0,108682;-743;0,000042;
2800;1238;0,110522;-781;0,000042;
2805;1182;0,110715;-672;0,000043;
2810;1198;0,114356;-800;0,000042;
2815;1229;0,114421;-742;0,000042;
2820;1254;0,112788;-798;0,000042;
2825;1228;0,113420;-632;0,000043;
2830;1250;0,113461;-694;0,000060;
2835;1293;0,112290;-711;0,000042;
2840;1189;0,114740;-635;0,000044;
2845;1232;0,113448;-712;0,000046;
2850;1299;0,115089;-705;0,000043;
2855;1198;0,113966;-695;0,000043;
2860;1271;0,115271;-700;0,000043;
2865;1248;0,115507;-624;0,000044;
2870;1252;0,116097;-731;0,000044;
2875;1280;0,118068;-712;0,000043;
2880;1245;0,117301;-540;0,000044;
2885;1282;0,116310;-767;0,000044;
2890;1271;0,116820;-736;0,000043;
2895;1287;0,119214;-675;0,000044;
2900;1222;0,118286;-734;0,000043;
2905;1259;0,118941;-751;0,000043;
2910;1263;0,119462;-816;0,000044;
2915;1279;0,120442;-749;0,000044;
2920;1271;0,119289;-736;0,000044;
2925;1284;0,120320;-714;0,000044;
2930;1294;0,119353;-839;0,000045;
2935;1280;0,120572;-715;0,000044;
2940;1224;0,120908;-696;0,000045;
2945;1312;0,121254;-614;0,000044;
2950;1247;0,121917;-805;0,000045;
2955;1239;0,125509;-735;0,000062;
2960;1354;0,153637;-779;0,000044;
2965;1292;0,124316;-799;0,000044;
2970;1251;0,124613;-645;0,000046;
2975;1264;0,125449;-791;0,000049;
2980;1355;0,126070;-679;0,000045;
2985;1257;0,146079;-756;0,000045;
2990;1243;0,124801;-722;0,000045;
2995;1304;0,127456;-826;0,000044;
3000;1281;0,127159;-804;0,000045;
3005;1267;0,128220;-788;0,000045;
3010;1337;0,127039;-700;0,000047;
3015;1314;0,127211;-720;0,000045;
3020;1318;0,128117;-653;0,000046;
3025;1343;0,129410;-679;0,000046;
3030;1314;0,128429;-780;0,000046;
3035;1345;0,130935;-701;0,000046;
3040;1355;0,129790;-712;0,000046;
3045;1314;0,130565;-849;0,000045;
3050;1309;0,129820;-752;0,000050;
3055;1301;0,132536;-673;0,000046;
3060;1326;0,131758;-867;0,000046;
3065;1366;0,132883;-635;0,000046;
3070;1307;0,131243;-694;0,000047;
3075;1371;0,134291;-672;0,000050;
3080;1408;0,133936;-809;0,000050;
3085;1352;0,133362;-850;0,000046;
3090;1320;0,133922;-654;0,000046;
3095;1345;0,134136;-857;0,000046;
3100;1292;0,133934;-685;0,000047;
3105;1404;0,134947;-768;0,000046;
3110;1303;0,136614;-677;0,000047;
3115;1421;0,135775;-802;0,000050;
3120;1365;0,137376;-900;0,000047;
3125;1393;0,137102;-677;0,000049;
3130;1376;0,139238;-778;0,000047;
3135;1389;0,137335;-819;0,000047;
3140;1384;0,138004;-782;0,000047;
3145;1349;0,140995;-937;0,000047;
3150;1362;0,139165;-831;0,000048;
3155;1321;0,138858;-794;0,000048;
3160;1373;0,139682;-895;0,000047;
3165;1332;0,140963;-807;0,000051;
3170;1372;0,139912;-803;0,000048;
3175;1391;0,140943;-769;0,000047;
3180;1413;0,141360;-780;0,000048;
3185;1339;0,144800;-812;0,000052;
3190;1385;0,141584;-844;0,000048;
3195;1452;0,142478;-711;0,000048;
3200;1387;0,144082;-767;0,000048;
3205;1409;0,146474;-793;0,000048;
3210;1371;0,143777;-729;0,000048;
3215;1378;0,145459;-773;0,000048;
3220;1403;0,144207;-850;0,000048;
3225;1416;0,145101;-828;0,000048;
3230;1420;0,145005;-953;0,000049;
3235;1397;0,145792;-781;0,000048;
3240;1419;0,147804;-825;0,000049;
3245;1402;0,149573;-884;0,000052;
3250;1457;0,149351;-730;0,000050;
3255;1449;0,150338;-879;0,000049;
3260;1465;0,147403;-836;0,000049;
3265;1460;0,148833;-877;0,000048;
3270;1434;0,153937;-810;0,000049;
3275;1417;0,149827;-950;0,000049;
3280;1430;0,150161;-805;0,000049;
3285;1407;0,153419;-840;0,000049;
3290;1456;0,150839;-761;0,000050;
3295;1451;0,151917;-802;0,000050;
3300;1461;0,152334;-858;0,000050;
3305;1414;0,152739;-758;0,000050;
3310;1424;0,153163;-904;0,000049;
3315;1431;0,155211;-891;0,000050;
3320;1483;0,156087;-899;0,000053;
3325;1454;0,152830;-886;0,000050;
3330;1437;0,156434;-846;0,000051;
3335;1441;0,155894;-746;0,000051;
3340;1466;0,154655;-955;0,000050;
3345;1464;0,155613;-918;0,000051;
3350;1489;0,157828;-914;0,000050;
3355;1487;0,156073;-865;0,000050;
3360;1455;0,156070;-777;0,000051;
3365;1483;0,157640;-755;0,000051;
3370;1532;0,159132;-871;0,000051;
3375;1512;0,158034;-870;0,000051;
3380;1489;0,157508;-863;0,000051;
3385;1517;0,159636;-904;0,000054;
3390;1434;0,160122;-951;0,000051;
3395;1498;0,160494;-938;0,000051;
3400;1490;0,164512;-823;0,000051;
3405;1455;0,160942;-858;0,000052;
3410;1468;0,161984;-905;0,000052;
3415;1493;0,162319;-817;0,000051;
3420;1563;0,160834;-864;0,000055;
3425;1507;0,163208;-842;0,000051;
3430;1484;0,164232;-991;0,000052;
3435;1464;0,164135;-810;0,000052;
3440;1564;0,164985;-869;0,000052;
3445;1487;0,166954;-883;0,000052;
3450;1473;0,165014;-831;0,000052;
3455;1507;0,165761;-893;0,000052;
3460;1535;0,168877;-961;0,000052;
3465;1533;0,168128;-987;0,000052;
3470;1480;0,170167;-758;0,000054;
3475;1520;0,167662;-922;0,000052;
3480;1533;0,167722;-951;0,000053;
3485;1570;0,169350;-917;0,000052;
3490;1568;0,169180;-871;0,000052;
3495;1527;0,169184;-987;0,000053;
3500;1516;0,171695;-851;0,000052;
3505;1604;0,170827;-811;0,000053;
3510;1524;0,170828;-714;0,000053;
3515;1546;0,171714;-920;0,000052;
3520;1475;0,174795;-967;0,000053;
3525;1554;0,173712;-909;0,000053;
3530;1516;0,175052;-932;0,000053;
3535;1625;0,175481;-805;0,000053;
3540;1563;0,174059;-900;0,000053;
3545;1543;0,174778;-860;0,000054;
3550;1553;0,175488;-916;0,000054;
3555;1617;0,175565;-837;0,000054;
3560;1585;0,175555;-893;0,000054;
3565;1580;0,176448;-1036;0,000053;
3570;1542;0,177037;-999;0,000054;
3575;1573;0,180861;-854;0,000055;
3580;1613;0,178535;-853;0,000054;
3585;1602;0,179331;-852;0,000054;
3590;1543;0,179376;-941;0,000054;
3595;1538;0,178850;-775;0,000054;
3600;1554;0,181511;-789;0,000056;
3605;1561;0,180684;-1049;0,000054;
3610;1580;0,182269;-949;0,000056;
3615;1548;0,179305;-951;0,000054;
3620;1576;0,182161;-842;0,000055;
3625;1622;0,181582;-1000;0,000055;
3630;1560;0,186779;-843;0,000055;
3635;1636;0,184084;-908;0,000068;
3640;1580;0,183617;-898;0,000055;
3645;1560;0,204921;-861;0,000055;
3650;1615;0,185235;-854;0,000055;
3655;1631;0,184973;-838;0,000055;
3660;1575;0,185602;-876;0,000055;
3665;1579;0,185953;-845;0,000055;
3670;1604;0,186969;-988;0,000055;
3675;1581;0,187580;-996;0,000058;
3680;1567;0,186464;-1052;0,000055;
3685;1628;0,190687;-850;0,000055;
3690;1617;0,190259;-1041;0,000055;
3695;1606;0,189154;-929;0,000056;
3700;1577;0,196100;-847;0,000056;
3705;1614;0,196658;-900;0,000056;
3710;1603;0,193567;-1064;0,000056;
3715;1583;0,191136;-928;0,000056;
3720;1584;0,191387;-891;0,000056;
3725;1642;0,199254;-842;0,000056;
3730;1673;0,202073;-829;0,000058;
3735;1635;0,209775;-852;0,000059;
3740;1672;0,203016;-968;0,000057;
3745;1601;0,203932;-1042;0,000057;
3750;1620;0,208890;-984;0,000058;
3755;1618;0,215226;-920;0,000057;
3760;1643;0,198951;-814;0,000059;
3765;1614;0,222311;-1002;0,000058;
3770;1687;0,201327;-881;0,000058;
3775;1694;0,201148;-1084;0,000058;
3780;1635;0,202191;-1011;0,000057;
3785;1609;0,206103;-953;0,000060;
3790;1613;0,200039;-898;0,000057;
3795;1671;0,198382;-852;0,000058;
3800;1636;0,199237;-806;0,000057;
3805;1634;0,206583;-985;0,000059;
3810;1653;0,201876;-915;0,000057;
3815;1735;0,213701;-842;0,000057;
3820;1748;0,207508;-913;0,000058;
3825;1620;0,208395;-954;0,000058;
3830;1735;0,203625;-836;0,000058;
3835;1664;0,207434;-958;0,000065;
3840;1674;0,205716;-786;0,000059;
3845;1678;0,208464;-1001;0,000060;
3850;1721;0,210549;-1024;0,000059;
3855;1746;0,208810;-1164;0,000059;
3860;1660;0,216672;-980;0,000059;
3865;1718;0,211675;-955;0,000060;
3870;1662;0,210693;-861;0,000058;
3875;1678;0,215880;-926;0,000060;
3880;1655;0,215423;-889;0,000060;
3885;1680;0,217607;-1077;0,000060;
3890;1765;0,221519;-986;0,000060;
3895;1754;0,210931;-1009;0,000059;
3900;1695;0,210061;-1062;0,000059;
3905;1726;0,211984;-1016;0,000059;
3910;1682;0,211069;-955;0,000059;
3915;1686;0,218049;-1128;0,000061;
3920;1747;0,215457;-920;0,000059;
3925;1658;0,215390;-910;0,000081;
3930;1758;0,224561;-960;0,000063;
3935;1729;0,221637;-749;0,000061;
3940;1724;0,215960;-1015;0,000062;
3945;1737;0,220650;-861;0,000059;
3950;1711;0,224924;-1052;0,000059;
3955;1703;0,223541;-1117;0,000061;
3960;1794;0,243314;-1002;0,000061;
3965;1717;0,220650;-1007;0,000060;
3970;1700;0,233763;-1123;0,000061;
3975;1755;0,241891;-885;0,000062;
3980;1735;0,225363;-1046;0,000060;
3985;1742;0,226518;-970;0,000060;
3990;1734;0,228869;-1140;0,000062;
3995;1747;0,234057;-1124;0,000060;
4000;1754;0,225756;-865;0,000060;
4005;1746;0,225943;-1056;0,000060;
4010;1756;0,225682;-797;0,000094;
4015;1733;0,231553;-991;0,000062;
4020;1824;0,225266;-831;0,000061;
4025;1783;0,223949;-905;0,000061;
4030;1802;0,227166;-970;0,000061;
4035;1764;0,230287;-903;0,000061;
4040;1753;0,228184;-974;0,000060;
4045;1766;0,226729;-967;0,000061;
4050;1824;0,226013;-1029;0,000089;
4055;1768;0,236791;-1022;0,000063;
4060;1748;0,246157;-997;0,000062;
4065;1737;0,235847;-1146;0,000062;
4070;1810;0,236092;-1019;0,000062;
4075;1784;0,235797;-931;0,000064;
4080;1845;0,243020;-1017;0,000062;
4085;1783;0,246469;-1130;0,000061;
4090;1829;0,240494;-967;0,000062;
4095;1776;0,239569;-843;0,000062;
4100;1792;0,233411;-974;0,000064;
4105;1829;0,235903;-1177;0,000062;
4110;1779;0,232248;-972;0,000062;
4115;1810;0,234739;-1001;0,000062;
4120;1778;0,234364;-1057;0,000062;
4125;1818;0,238632;-945;0,000063;
4130;1786;0,260831;-938;0,000065;
4135;1784;0,247561;-931;0,000063;
4140;1827;0,248371;-1110;0,000081;
4145;1831;0,254925;-1136;0,000064;
4150;1826;0,247229;-1051;0,000062;
4155;1827;0,255407;-999;0,000077;
4160;1810;0,284541;-1115;0,000062;
4165;1817;0,255957;-952;0,000065;
4170;1887;0,251707;-984;0,000064;
4175;1873;0,253303;-1091;0,000064;
4180;1868;0,252719;-1096;0,000073;
4185;1815;0,261591;-987;0,000064;
4190;1825;0,250636;-998;0,000065;
4195;1781;0,263891;-1057;0,000063;
4200;1827;0,267898;-1062;0,000065;
4205;1831;0,257095;-1013;0,000076;
4210;1865;0,255482;-1099;0,000063;
4215;1905;0,254263;-996;0,000063;
4220;1927;0,271596;-995;0,000065;
4225;1802;0,267975;-1027;0,000066;
4230;1857;0,260370;-999;0,000064;
4235;1834;0,259095;-1229;0,000064;
4240;1871;0,258375;-1042;0,000063;
4245;1833;0,267198;-1014;0,000066;
4250;1867;0,266664;-1031;0,000063;
4255;1937;0,266326;-1102;0,000064;
4260;1833;0,262961;-1050;0,000064;
4265;1834;0,252405;-950;0,000065;
4270;1874;0,253525;-901;0,000065;
4275;1893;0,252349;-957;0,000064;
4280;1897;0,260625;-1031;0,000066;
4285;1883;0,254223;-1066;0,000065;
4290;1830;0,254714;-744;0,000065;
4295;1897;0,254984;-1223;0,000068;
4300;1850;0,259886;-1000;0,000069;
4305;1890;0,253692;-1104;0,000064;
4310;1882;0,258008;-1154;0,000063;
4315;1934;0,256479;-1147;0,000064;
4320;1860;0,257786;-1044;0,000066;
4325;1927;0,256813;-1040;0,000066;
4330;1886;0,279248;-1105;0,000065;
4335;1845;0,259066;-1092;0,000065;
4340;1894;0,265399;-1238;0,000065;
4345;1937;0,261338;-1021;0,000065;
4350;1875;0,260677;-969;0,000066;
4355;1930;0,261834;-1016;0,000067;
4360;1946;0,261358;-976;0,000066;
4365;1917;0,262727;-993;0,000066;
4370;1867;0,262749;-1076;0,000066;
4375;1973;0,270611;-1072;0,000096;
4380;1959;0,264621;-1017;0,000066;
4385;1984;0,265910;-1094;0,000066;
4390;1907;0,265036;-1135;0,000069;
4395;1938;0,268898;-1089;0,000093;
4400;1924;0,267555;-1136;0,000070;
4405;1946;0,271862;-1204;0,000066;
4410;1902;0,270299;-1122;0,000066;
4415;1909;0,271811;-1187;0,000066;
4420;1979;0,269274;-1003;0,000067;
4425;1947;0,271595;-1089;0,000067;
4430;1978;0,271152;-1139;0,000067;
4435;1946;0,270710;-1099;0,000067;
4440;1908;0,273305;-1119;0,000066;
4445;1987;0,273458;-1061;0,000067;
4450;1964;0,274888;-1075;0,000067;
4455;1944;0,272272;-1080;0,000067;
4460;1945;0,275345;-995;0,000067;
4465;1964;0,274940;-1258;0,000068;
4470;1932;0,276073;-1125;0,000068;
4475;2011;0,273986;-1151;0,000067;
4480;1967;0,276270;-1024;0,000068;
4485;1977;0,282834;-1239;0,000082;
4490;1954;0,277386;-1070;0,000071;
4495;2024;0,283184;-1207;0,000067;
4500;1995;0,280091;-1200;0,000067;
4505;1930;0,282034;-1028;0,000068;
4510;2036;0,279834;-1066;0,000067;
4515;1998;0,281700;-1020;0,000068;
4520;2023;0,281503;-1166;0,000067;
4525;1985;0,287469;-1174;0,000068;
4530;2016;0,283934;-1233;0,000068;
4535;1966;0,284719;-1163;0,000069;
4540;1988;0,286133;-1213;0,000069;
4545;1977;0,284232;-1116;0,000080;
4550;2026;0,288115;-1196;0,000068;
4555;1994;0,288401;-1030;0,000069;
4560;2055;0,288152;-1062;0,000069;
4565;1951;0,296283;-1055;0,000069;
4570;2006;0,287253;-1171;0,000068;
4575;2013;0,289056;-1167;0,000082;
4580;2011;0,289193;-1226;0,000069;
4585;2000;0,293068;-1234;0,000068;
4590;2031;0,290857;-1167;0,000070;
4595;2023;0,290038;-1004;0,000070;
4600;1997;0,295698;-1075;0,000069;
4605;2016;0,290568;-1242;0,000072;
4610;2023;0,293124;-950;0,000070;
4615;2072;0,295834;-1186;0,000070;
4620;2001;0,294483;-1056;0,000070;
4625;2029;0,297120;-1166;0,000070;
4630;2042;0,295969;-1135;0,000070;
4635;2067;0,296057;-1098;0,000071;
4640;1984;0,301369;-1196;0,000071;
4645;1937;0,297090;-1213;0,000070;
4650;2091;0,298105;-1002;0,000082;
4655;2056;0,297252;-1205;0,000070;
4660;2015;0,303689;-1165;0,000070;
4665;1956;0,298978;-1065;0,000071;
4670;2026;0,300771;-1217;0,000071;
4675;2045;0,301491;-1195;0,000070;
4680;2013;0,302240;-1278;0,000070;
4685;2101;0,303065;-1124;0,000071;
4690;2057;0,299990;-1018;0,000071;
4695;2052;0,306239;-1179;0,000072;
4700;2041;0,304790;-1163;0,000071;
4705;2072;0,303141;-1093;0,000071;
4710;2043;0,304126;-1209;0,000101;
4715;2083;0,307870;-1103;0,000084;
4720;2033;0,305606;-1087;0,000072;
4725;2049;0,312613;-1308;0,000071;
4730;2062;0,305910;-1133;0,000072;
4735;2060;0,308618;-1228;0,000071;
4740;2085;0,309387;-1038;0,000072;
4745;2107;0,308613;-1235;0,000072;
4750;2051;0,323804;-1222;0,000071;
4755;2094;0,311474;-1386;0,000072;
4760;2173;0,317485;-1211;0,000072;
4765;2135;0,312073;-1186;0,000071;
4770;2121;0,310898;-1185;0,000072;
4775;2110;0,312149;-1142;0,000072;
4780;2087;0,332609;-1141;0,000072;
4785;2136;0,312830;-1254;0,000072;
4790;2077;0,315991;-1355;0,000072;
4795;2147;0,316953;-1177;0,000072;
4800;2046;0,321006;-1155;0,000075;
4805;2113;0,318846;-1196;0,000072;
4810;2114;0,320255;-1141;0,000072;
4815;2106;0,317642;-1134;0,000072;
4820;2146;0,323080;-1298;0,000074;
4825;2195;0,318239;-1261;0,000104;
4830;2079;0,318847;-1158;0,000103;
4835;2158;0,321013;-1289;0,000072;
4840;2180;0,319936;-1165;0,000073;
4845;2094;0,323046;-1245;0,000073;
4850;2110;0,322874;-1097;0,000073;
4855;2132;0,324948;-1156;0,000073;
4860;2097;0,323309;-1233;0,000073;
4865;2107;0,325781;-1172;0,000073;
4870;2093;0,325473;-1315;0,000073;
4875;2151;0,326131;-1215;0,000073;
4880;2149;0,332884;-1202;0,000074;
4885;2153;0,328963;-1171;0,000074;
4890;2154;0,328423;-1296;0,000074;
4895;2137;0,332588;-1349;0,000074;
4900;2141;0,329920;-1213;0,000074;
4905;2145;0,333941;-1302;0,000104;
4910;2164;0,332097;-1175;0,000074;
4915;2180;0,332960;-1210;0,000075;
4920;2172;0,339588;-1311;0,000076;
4925;2212;0,335242;-1244;0,000084;
4930;2177;0,331588;-1318;0,000086;
4935;2193;0,335324;-1038;0,000074;
4940;2191;0,335228;-1400;0,000076;
4945;2165;0,338736;-1300;0,000075;
4950;2229;0,337033;-1176;0,000074;
4955;2179;0,342068;-1190;0,000094;
4960;2162;0,336583;-1309;0,000075;
4965;2196;0,340055;-1317;0,000074;
4970;2185;0,342203;-1286;0,000075;
4975;2201;0,340535;-1333;0,000074;
4980;2196;0,353230;-1056;0,000075;
4985;2161;0,341093;-1121;0,000075;
4990;2177;0,343019;-1105;0,000075;
4995;2220;0,342593;-1293;0,000075;
5000;2254;0,343054;-1103;0,000075;
